{"cameraMode":{"drawMode":0,"name":"Shaded","section":"Shading Mode"},"sceneLighting":true,"audioPlay":false,"sceneViewState":{"showFog":true,"showMaterialUpdate":true,"showSkybox":true,"showFlares":true,"showImageEffects":true,"showParticleSystems":true},"in2DMode":false,"pivot":{"x":0.0,"y":2.4800000190734865,"z":1.5999999046325684},"rotation":{"x":-0.28484973311424258,"y":0.4523443281650543,"z":-0.15509594976902009,"w":-0.8307792544364929},"size":5.857884883880615,"orthographic":false}