{"cameraMode":{"drawMode":0,"name":"Shaded","section":"Shading Mode"},"sceneLighting":true,"audioPlay":false,"sceneViewState":{"showFog":true,"showMaterialUpdate":true,"showSkybox":true,"showFlares":true,"showImageEffects":true,"showParticleSystems":true},"in2DMode":false,"pivot":{"x":-3.7813262939453127,"y":-3.213437557220459,"z":52.48906326293945},"rotation":{"x":0.7668337225914002,"y":-0.0019255250226706267,"z":0.002300507854670286,"w":0.641839861869812},"size":30.468652725219728,"orthographic":true}