{"cameraMode":{"drawMode":0,"name":"Shaded","section":"Shading Mode"},"sceneLighting":true,"audioPlay":false,"sceneViewState":{"showFog":true,"showMaterialUpdate":true,"showSkybox":true,"showFlares":true,"showImageEffects":true,"showParticleSystems":true},"in2DMode":false,"pivot":{"x":-2.738650321960449,"y":2.1729462146759035,"z":7.223359107971191},"rotation":{"x":0.025496549904346467,"y":0.008098806254565716,"z":-0.00020670576486736536,"w":0.99964439868927},"size":16.37056541442871,"orthographic":false}