{"cameraMode":{"drawMode":0,"name":"Shaded","section":"Shading Mode"},"sceneLighting":true,"audioPlay":false,"sceneViewState":{"showFog":true,"showMaterialUpdate":true,"showSkybox":true,"showFlares":true,"showImageEffects":true,"showParticleSystems":true},"in2DMode":false,"pivot":{"x":-3.050351142883301,"y":1.8625688552856446,"z":25.112558364868165},"rotation":{"x":0.025496549904346467,"y":0.008098806254565716,"z":-0.00020670576486736536,"w":0.99964439868927},"size":16.37056541442871,"orthographic":false}